titre,identifiant,type,couleur,image
Vase,lum22,terre,ocre,67M189.jpg
Poterie,lum23,pierre,gris,67M198bis_base.jpg
Bol,lum24,terre,orange,67M198bis_profil.jpg
Vase,lum22,terre,ocre,67M189.jpg
Poterie,lum23,pierre,gris,67M198bis_base.jpg
Bol,lum24,terre,orange,67M198bis_profil.jpg
Vase,lum22,terre,ocre,67M189.jpg
Poterie,lum23,pierre,gris,67M198bis_base.jpg
Bol,lum24,terre,orange,67M198bis_profil.jpg
Vase,lum22,terre,ocre,67M189.jpg
Poterie,lum23,pierre,gris,67M198bis_base.jpg
Bol,lum24,terre,orange,67M198bis_profil.jpg
Vase,lum22,terre,ocre,67M189.jpg
Poterie,lum23,pierre,gris,67M198bis_base.jpg
Bol,lum24,terre,orange,67M198bis_profil.jpg
Vase,lum22,terre,ocre,67M189.jpg
Poterie,lum23,pierre,gris,67M198bis_base.jpg
Bol,lum24,terre,orange,67M198bis_profil.jpg
Vase,lum22,terre,ocre,67M189.jpg
Poterie,lum23,pierre,gris,67M198bis_base.jpg
Bol,lum24,terre,orange,67M198bis_profil.jpg